Item1,Item2,Item3,Item4,Item5,Item6
"8,036,493","8,036,493",0,0,0,CD
bi,bi,0,0,0,NNP
detailed,detail,0,1,0,JJ
description,description,0,1,0,NN
a.,a.,0,2,0,NNP
introduction,introduction,0,2,0,NNP
description,description,0,3,0,NN
enable,enable,0,3,0,VB
person,person,0,3,0,NN
skilled,skilled,0,3,0,JJ
art,art,0,3,0,NN
provided,provide,0,3,0,VBN
context,context,0,3,0,NN
application,application,0,3,0,NN
requirements,requirement,0,3,0,NNS
modifications,modification,0,3,1,NNS
disclosed,disclose,0,3,1,VBN
embodiments,embodiment,0,3,1,NNS
will,will,0,3,1,MD
apparent,apparent,0,3,1,JJ
skilled,skilled,0,3,1,JJ
art,art,0,3,1,NN
general,general,0,3,1,JJ
principles,principle,0,3,1,NNS
defined,define,0,3,1,VBN
applied,apply,0,3,1,VBN
embodiments,embodiment,0,3,1,NNS
applications,application,0,3,1,NNS
departing,depart,0,3,1,VBG
spirit,spirit,0,3,1,NN
scope,scope,0,3,1,NN
intended,intend,0,3,2,VBN
limited,limit,0,3,2,VBN
embodiments,embodiment,0,3,2,NNS
accorded,accord,0,3,2,VBN
widest,wide,0,3,2,JJS
scope,scope,0,3,2,NN
consistent,consistent,0,3,2,JJ
principles,principle,0,3,2,NNS
features,feature,0,3,2,NNS
disclosed,disclose,0,3,2,VBD
operated,operate,0,3,3,VBN
computer,computer,0,3,3,NN
program,program,0,3,3,NN
installed,install,0,3,3,VBN
download,download,0,3,3,JJ
computer,computer,0,3,3,NN
website,website,0,3,3,JJ
system,system,0,3,3,NN
appreciated,appreciate,0,3,4,VBN
description,description,0,3,4,NN
downloading,download,0,3,4,VBG
searching,search,0,3,4,VBG
managing,manage,0,3,4,VBG
electronic,electronic,0,3,4,JJ
patent,patent,0,3,4,NN
files,file,0,3,4,NNS
utilized,utilize,0,3,4,VBN
downloading,download,0,3,4,NN
searching,search,0,3,4,VBG
managing,manage,0,3,4,VBG
electronic,electronic,0,3,4,JJ
trademark,trademark,0,3,4,NN
files,file,0,3,4,NNS
hie,hie,0,4,0,NN
data,data,0,4,0,NNS
structures,structure,0,4,0,NNS
code,code,0,4,0,NN
described,describe,0,4,0,VBN
detailed,detail,0,4,0,JJ
description,description,0,4,0,NN
typically,typically,0,4,0,RB
stored,store,0,4,0,VBN
computer,computer,0,4,0,NN
readable,readable,0,4,0,JJ
storage,storage,0,4,0,NN
medium,medium,0,4,0,NN
device,device,0,4,0,NN
medium,medium,0,4,0,NN
store,store,0,4,0,VB
code,code,0,4,0,NN
and/or,and/or,0,4,0,CC
data,data,0,4,0,NNS
computer,computer,0,4,0,NN
system,system,0,4,0,NN
includes,include,0,4,1,VBZ
limited,limit,0,4,1,JJ
magnetic,magnetic,0,4,1,JJ
optical,optical,0,4,1,JJ
storage,storage,0,4,1,NN
devices,device,0,4,1,NNS
disk,disk,0,4,1,NN
drives,drive,0,4,1,NNS
magnetic,magnetic,0,4,1,JJ
tape,tape,0,4,1,NN
cds,cd,0,4,1,NNS
compact,compact,0,4,1,JJ
discs,disc,0,4,1,NNS
dvds,dvd,0,4,1,NNS
digital,digital,0,4,1,JJ
video,video,0,4,1,NN
discs,disc,0,4,1,NNS
computer,computer,0,4,1,NN
instruction,instruction,0,4,1,NN
signals,signal,0,4,1,NNS
embodied,embody,0,4,1,VBN
transmission,transmission,0,4,1,NN
medium,medium,0,4,1,NN
carrier,carrier,0,4,1,NN
wave,wave,0,4,1,NN
signals,signal,0,4,1,NNS
modulated,modulate,0,4,1,VBN
example,example,0,4,2,NN
transmission,transmission,0,4,2,NN
medium,medium,0,4,2,NN
include,include,0,4,2,VB
communications,communications,0,4,2,NNS
network,network,0,4,2,NN
internet,internet,0,4,2,NNP
b.,b.,0,5,0,NNP
exemplary,exemplary,0,5,0,NNP
global,global,0,5,0,NNP
computer,computer,0,5,0,NNP
network,network,0,5,0,NNP
global,global,0,6,0,JJ
computer,computer,0,6,0,NN
network,network,0,6,0,NN
internet,internet,0,6,0,NNP
exemplary,exemplary,0,6,0,JJ
communications,communications,0,6,0,NNS
network,network,0,6,0,NN
rhe,rhe,0,6,0,NN
internet,internet,0,6,0,NNP
basically,basically,0,6,0,RB
comprised,comprise,0,6,0,VBN
global,global,0,6,0,JJ
computer,computer,0,6,0,NN
network,network,0,6,0,NN
plurality,plurality,0,6,1,NN
computer,computer,0,6,1,NN
systems,system,0,6,1,NNS
communication,communication,0,6,1,NN
global,global,0,6,1,JJ
computer,computer,0,6,1,NN
network,network,0,6,1,NN
transmit,transmit,0,6,1,VB
types,type,0,6,1,NNS
data,data,0,6,1,NNS
communications,communications,0,6,2,NNS
computer,computer,0,6,2,NN
systems,system,0,6,2,NNS
accomplished,accomplish,0,6,2,VBN
methods,method,0,6,2,NNS
limited,limit,0,6,2,VBN
wireless,wireless,0,6,2,NN
ethernet,ethernet,0,6,2,NNP
cable,cable,0,6,2,NN
direct,direct,0,6,2,JJ
connection,connection,0,6,2,NN
telephone,telephone,0,6,2,NN
satellite,satellite,0,6,2,NN
web,web,0,6,3,NN
servers,server,0,6,3,NNS
typically,typically,0,6,3,RB
provide,provide,0,6,3,VBP
data,data,0,6,3,NNS
computer,computer,0,6,3,NN
systems,system,0,6,3,NNS
connected,connect,0,6,3,VBN
internet,internet,0,6,3,NNP
utilized,utilize,0,7,0,VBN
global,global,0,7,0,JJ
computer,computer,0,7,0,NN
networks,network,0,7,0,NNS
local,local,0,7,0,JJ
area,area,0,7,0,NN
networks,network,0,7,0,NNS
lan,lan,0,7,0,NNP
wide,wide,0,7,0,JJ
area,area,0,7,0,NN
networks,network,0,7,0,NNS
wan,wan,0,7,0,NNP
campus,campus,0,7,0,NN
area,area,0,7,0,NN
networks,network,0,7,0,NNS
metropolitan-area,metropolitan-area,0,7,0,JJ
networks,network,0,7,0,NNS
man,man,0,7,0,NNP
area,area,0,7,0,NN
networks,network,0,7,0,NNS
han,han,0,7,0,NNP
protocols,protocol,0,7,1,NNS
utilized,utilize,0,7,1,VBN
electronic,electronic,0,7,1,JJ
devices,device,0,7,1,NNS
communications,communications,0,7,1,NNS
limited,limit,0,7,1,VBN
http,http,0,7,1,NNP
smtp,smtp,0,7,1,NNP
ftp,ftp,0,7,1,NNP
wap,wap,0,7,1,NNP
wireless,wireless,0,7,1,NNP
application,application,0,7,1,NNP
protocol,protocol,0,7,1,NNP
implemented,implement,0,7,2,VBN
wireless,wireless,0,7,2,JJ
networks,network,0,7,2,NNS
limited,limit,0,7,2,VBN
cdpd,cdp,0,7,2,NNP
cdma,cdma,0,7,2,NNP
gsm,gsm,0,7,2,NNP
pdc,pdc,0,7,2,NNP
phs,ph,0,7,2,NNP
tdma,tdma,0,7,2,NNP
flex,flex,0,7,2,NNP
reflex,reflex,0,7,2,NNP
iden,iden,0,7,2,NNP
tetra,tetra,0,7,2,NNP
dect,dect,0,7,2,NNP
datatac,datatac,0,7,2,NNP
mobitex,mobitex,0,7,2,NNP
utilized,utilize,0,7,3,VBN
online,online,0,7,3,JJ
services,service,0,7,3,NNS
internet,internet,0,7,3,NN
service,service,0,7,3,NN
providers,provider,0,7,3,NNS
america,america,0,7,3,NNP
online,online,0,7,3,NNP
aol,aol,0,7,3,NNP
compuserve,compuserve,0,7,3,NNP
webtv,webtv,0,7,3,NNP
msn,msn,0,7,3,NNP
internet,internet,0,7,3,NNP
services,service,0,7,3,NNS
preferably,preferably,0,7,4,RB
utilizes,utilize,0,7,4,VBZ
internet,internet,0,7,4,NNP
transmitting,transmit,0,7,4,VBG
data,data,0,7,4,NNS
appreciated,appreciate,0,7,4,VBN
future,future,0,7,4,JJ
technologies,technology,0,7,4,NNS
created,create,0,7,4,VBN
aspects,aspect,0,7,4,NNS
practiced,practice,0,7,4,VBN
improved,improve,0,7,4,VBN
technologies,technology,0,7,4,NNS
computer,computer,0,8,0,NN
web,web,0,8,0,NN
server,server,0,8,0,NN
provide,provide,0,8,0,VBP
analyzed,analyze,0,8,0,VBN
patent,patent,0,8,0,NN
data,data,0,8,0,NNS
implemented,implement,0,8,1,VBN
government,government,0,8,1,NN
patent,patent,0,8,1,NN
office,office,0,8,1,NN
patent,patent,0,8,1,NN
document,document,0,8,1,NN
scanned,scan,0,8,1,VBN
system,system,0,8,1,NN
patent,patent,0,8,1,NN
applicant,applicant,0,8,1,NN
filing,file,0,8,1,VBG
electronic,electronic,0,8,1,JJ
patent,patent,0,8,1,NN
applications,application,0,8,1,NNS
ensure,ensure,0,8,1,VB
figures,figure,0,8,1,NNS
original,original,0,8,1,JJ
orientation,orientation,0,8,1,NN
text,text,0,8,1,NN
readable,readable,0,8,1,JJ
horizontal,horizontal,0,8,1,JJ
state,state,0,8,1,NN
c.,c.,0,9,0,NNP
patent,patent,0,9,0,NNP
documents,document,0,9,0,NNS
patent,patent,0,10,0,NN
documents,document,0,10,0,NNS
comprised,comprise,0,10,0,VBN
documents,document,0,10,0,NNS
including,include,0,10,0,VBG
limited,limit,0,10,0,VBN
non-filed,non-file,0,10,0,JJ
patent,patent,0,10,0,NN
applications,application,0,10,0,NNS
filed,file,0,10,0,VBD
patent,patent,0,10,0,NN
applications,application,0,10,0,NNS
published,publish,0,10,0,VBN
patent,patent,0,10,0,NN
applications,application,0,10,0,NNS
granted,grant,0,10,0,VBN
patents,patent,0,10,0,NNS
patent,patent,0,10,0,NN
certificates,certificate,0,10,0,NNS
patent,patent,0,10,0,NN
file,file,0,10,0,NN
wrappers,wrapper,0,10,0,NNS
downloading,download,0,10,1,VBG
patent,patent,0,10,1,NN
files,file,0,10,1,NNS
image,image,0,10,1,NN
and/or,and/or,0,10,1,CC
text,text,0,10,1,NN
patent,patent,0,10,1,NN
websites,website,0,10,1,NNS
www.uspto.gov,www.uspto.gov,0,10,1,FW
ep.espacenet.com,ep.espacenet.com,0,10,1,FW
global,global,0,10,1,JJ
computer,computer,0,10,1,NN
network,network,0,10,1,NN
well,well,0,10,1,RB
art,art,0,10,1,NN
patent,patent,0,10,2,NN
files,file,0,10,2,VBZ
comprised,comprise,0,10,2,VBN
issued,issue,0,10,2,JJ
patents,patent,0,10,2,NNS
published,publish,0,10,2,VBN
applications,application,0,10,2,NNS
patent,patent,0,10,2,NN
data,data,0,10,2,NNS
software,software,0,10,3,NN
programs,program,0,10,3,NNS
paten-thunter,paten-thunter,0,10,3,NN
sold,sell,0,10,3,VBN
patentwizard,patentwizard,0,10,3,NNP
llc,llc,0,10,3,NNP
websites,website,0,10,3,NNS
currently,currently,0,10,3,RB
allow,allow,0,10,3,VBP
downloading,download,0,10,3,NN
patent,patent,0,10,3,NN
files,file,0,10,3,NNS
patent,patent,0,10,3,NN
websites,website,0,10,3,NNS
patent,patent,0,11,0,NN
documents,document,0,11,0,NNS
computer,computer,0,11,0,NN
readable,readable,0,11,0,JJ
file,file,0,11,0,NN
format,format,0,11,0,NN
directly,directly,0,11,0,RB
computer,computer,0,11,0,NN
downloading,download,0,11,0,VBG
global,global,0,11,0,JJ
computer,computer,0,11,0,NN
network,network,0,11,0,NN
example,example,0,11,1,NN
user,user,0,11,1,NN
analyze,analyze,0,11,1,VB
text,text,0,11,1,NN
microsoft,microsoft,0,11,1,NNP
word,word,0,11,1,NNP
document,document,0,11,1,NN
patent,patent,0,11,1,NN
application,application,0,11,1,NN
html,html,0,11,1,NNP
file,file,0,11,1,NN
downloaded,download,0,11,1,VBD
global,global,0,11,1,JJ
computer,computer,0,11,1,NN
network,network,0,11,1,NN
file,file,0,11,2,NN
formats,format,0,11,2,NNS
analyzed,analyze,0,11,2,VBN
c.,c.,0,12,0,NNP
figure,figure,0,12,0,NNP
correction,correction,0,12,0,NNP
patent,patent,0,12,0,NNP
documents,document,0,12,0,NNS
i.,i.,0,13,0,NN
patent,patent,0,13,0,NN
documents,document,0,13,0,NNS
patent,patent,0,14,0,NN
document,document,0,14,0,NN
typically,typically,0,14,0,RB
stored,store,0,14,0,VBN
web,web,0,14,0,NN
server,server,0,14,0,NN
user,user,0,14,0,NN
computer,computer,0,14,0,NN
image,image,0,14,0,NN
file,file,0,14,0,NN
format,format,0,14,0,NN
limited,limit,0,14,0,VBN
pdf,pdf,0,14,0,NNP
portable,portable,0,14,0,NNP
document,document,0,14,0,NNP
format,format,0,14,0,NNP
tiff,tiff,0,14,0,NNP
tagged,tag,0,14,0,VBN
image,image,0,14,0,NN
file,file,0,14,0,NNP
format,format,0,14,0,NNP
rhe,rhe,0,14,0,NN
patent,patent,0,14,0,NN
document,document,0,14,0,NN
viewed,view,0,14,0,VBN
electronically,electronically,0,14,0,RB
conventional,conventional,0,14,0,JJ
image,image,0,14,0,NN
viewer,viewer,0,14,0,NN
adobe,adobe,0,14,0,NNP
acrobat,acrobat,0,14,0,NNP
patent,patent,0,14,1,NN
documents,document,0,14,1,NNS
include,include,0,14,1,VBP
figures,figure,0,14,1,NNS
drawn,draw,0,14,1,VBN
landscape,landscape,0,14,1,NN
position,position,0,14,1,NN
images,image,0,14,1,NNS
displayed,display,0,14,1,VBN
manner,manner,0,14,1,NN
rotated,rotate,0,14,1,VBN
counter-clockwise,counter-clockwise,0,14,1,JJ
90,90,0,14,1,CD
degrees,degree,0,14,1,NNS
difficult,difficult,0,14,1,JJ
review,review,0,14,1,VB
figure,figure,0,14,1,NN
electronically,electronically,0,14,1,RB
addition,addition,0,14,2,NN
patent,patent,0,14,2,NN
document,document,0,14,2,NN
printed,print,0,14,2,VBN
figures,figure,0,14,2,NNS
printed,print,0,14,2,VBN
landscape,landscape,0,14,2,NN
position,position,0,14,2,NN
difficult,difficult,0,14,2,JJ
review,review,0,14,2,VB
patent,patent,0,14,2,NN
figures,figure,0,14,2,NNS
patent,patent,0,14,2,NN
example,example,0,15,0,NN
u.s.,u.s.,0,15,0,NNP
pat,pat,0,15,0,NNP
"6,545,666","6,545,666",0,15,0,CD
landscape,landscape,0,15,0,NN
orientation,orientation,0,15,0,NN
regular,regular,0,15,0,JJ
portrait,portrait,0,15,0,NN
orientation,orientation,0,15,0,NN
"1,3-5","1,3-5",0,15,1,CD
",7",",7",0,15,1,CD
-11,-11,0,15,1,CD
u.s.,u.s.,0,15,1,NNP
pat,pat,0,15,1,NNP
"6,545,666","6,545,666",0,15,1,CD
portrait,portrait,0,15,1,NN
orientation,orientation,0,15,1,NN
easy,easy,0,15,1,JJ
view,view,0,15,1,VB
electronic,electronic,0,15,1,JJ
format,format,0,15,1,NN
image,image,0,15,1,NN
viewer,viewer,0,15,1,NN
printed,print,0,15,1,VBN
copy,copy,0,15,1,NN
text,text,0,15,2,NN
element,element,0,15,2,NN
numbers,number,0,15,2,NNS
figures,figure,0,15,2,NNS
figure,figure,0,15,2,NN
indicia,indicia,0,15,2,NN
patents,patent,0,15,2,NNS
orientated,orientate,0,15,2,VBN
horizontal,horizontal,0,15,2,JJ
manner,manner,0,15,2,NN
traditionally,traditionally,0,15,2,RB
text,text,0,15,2,NN
images,image,0,15,2,NNS
viewed,view,0,15,2,VBN
comprise,comprise,0,16,0,VBP
u.s.,u.s.,0,16,0,NNP
pat,pat,0,16,0,NNP
"6,545,666","6,545,666",0,16,0,CD
originally,originally,0,16,0,RB
landscape,landscape,0,16,0,NN
orientation,orientation,0,16,0,NN
scanned,scan,0,16,0,VBN
u.s.,u.s.,0,16,0,NNP
patent,patent,0,16,0,NNP
trademark,trademark,0,16,0,NNP
office,office,0,16,0,NNP
portrait,portrait,0,16,0,NN
orientation,orientation,0,16,0,NN
increasingly,increasingly,0,16,0,RB
difficult,difficult,0,16,0,JJ
view,view,0,16,0,VB
figures,figure,0,16,0,NNS
electronically,electronically,0,16,0,RB
print,print,0,16,0,NN
electronic,electronic,0,16,1,JJ
file,file,0,16,1,NN
image,image,0,16,1,NN
set,set,0,16,1,VBN
portrait,portrait,0,16,1,NN
position,position,0,16,1,NN
u.s.,u.s.,0,16,1,NNP
pat,pat,0,16,1,NNP
"6,545,666","6,545,666",0,17,0,CD
despite,despite,0,17,0,IN
original,original,0,17,0,JJ
landscape,landscape,0,17,0,NN
position,position,0,17,0,NN
ii,ii,0,18,0,FW
identifying,identify,0,18,1,VBG
figure,figure,0,18,1,NNP
preferably,preferably,0,19,0,RB
embodied,embody,0,19,0,VBN
software,software,0,20,0,NN
application,application,0,20,0,NN
installed,install,0,20,0,VBN
download,download,0,20,0,JJ
computer,computer,0,20,0,NN
embodied,embody,0,21,0,VBN
manners,manner,0,22,0,NNS
limited,limit,0,22,0,VBN
central,central,0,22,0,JJ
server,server,0,22,0,NN
acquires,acquire,0,23,0,VBZ
patent,patent,0,24,0,NN
image,image,0,24,0,NN
file,file,0,24,0,NN
pdf,pdf,0,24,0,NNP
tiff,tiff,0,24,0,NNP
file,file,0,24,0,NN
format,format,0,25,0,NN
original,original,0,25,1,JJ
patent,patent,0,25,1,NN
image,image,0,25,1,NN
file,file,0,25,1,NN
con,con,0,25,1,JJ
verted,vert,0,26,0,VBN
file,file,0,26,0,NN
fonnat,fonnat,0,26,0,NN
facilitate,facilitate,0,26,0,VB
efficient,efficient,0,26,0,JJ
ocr,ocr,0,26,0,NNP
"8,036,493","8,036,493",1,0,0,CD
bi,bi,1,0,0,NNP
detailed,detail,1,3,0,JJ
description,description,1,3,0,NN
a.,a.,1,4,0,NNP
introduction,introduction,1,4,0,NNP
description,description,1,5,0,NN
enable,enable,1,5,0,VB
person,person,1,5,0,NN
skilled,skilled,1,5,0,JJ
art,art,1,5,0,NN
provided,provide,1,5,0,VBN
context,context,1,5,0,NN
application,application,1,5,0,NN
requirements,requirement,1,5,0,NNS
modifications,modification,1,5,1,NNS
disclosed,disclose,1,5,1,VBN
embodiments,embodiment,1,5,1,NNS
will,will,1,5,1,MD
apparent,apparent,1,5,1,JJ
skilled,skilled,1,5,1,JJ
art,art,1,5,1,NN
general,general,1,5,1,JJ
principles,principle,1,5,1,NNS
defined,define,1,5,1,VBN
applied,apply,1,5,1,VBN
embodiments,embodiment,1,5,1,NNS
applications,application,1,5,1,NNS
departing,depart,1,5,1,VBG
spirit,spirit,1,5,1,NN
scope,scope,1,5,1,NN
intended,intend,1,5,2,VBN
limited,limit,1,5,2,VBN
embodiments,embodiment,1,5,2,NNS
accorded,accord,1,5,2,VBN
widest,wide,1,5,2,JJS
scope,scope,1,5,2,NN
consistent,consistent,1,5,2,JJ
principles,principle,1,5,2,NNS
features,feature,1,5,2,NNS
disclosed,disclose,1,5,2,VBD
operated,operate,1,5,3,VBN
computer,computer,1,5,3,NN
program,program,1,5,3,NN
installed,install,1,5,3,VBN
download,download,1,5,3,JJ
computer,computer,1,5,3,NN
website,website,1,5,3,JJ
system,system,1,5,3,NN
appreciated,appreciate,1,5,4,VBN
description,description,1,5,4,NN
downloading,download,1,5,4,VBG
searching,search,1,5,4,VBG
managing,manage,1,5,4,VBG
electronic,electronic,1,5,4,JJ
patent,patent,1,5,4,NN
files,file,1,5,4,NNS
utilized,utilize,1,5,4,VBN
downloading,download,1,5,4,NN
searching,search,1,5,4,VBG
managing,manage,1,5,4,VBG
electronic,electronic,1,5,4,JJ
trademark,trademark,1,5,4,NN
files,file,1,5,4,NNS
data,data,1,6,0,NN
structures,structure,1,6,0,NNS
code,code,1,6,0,NN
described,describe,1,6,0,VBN
detailed,detail,1,6,0,JJ
description,description,1,6,0,NN
typically,typically,1,6,0,RB
stored,store,1,6,0,VBN
computer,computer,1,6,0,NN
readable,readable,1,6,0,JJ
storage,storage,1,6,0,NN
medium,medium,1,6,0,NN
device,device,1,6,0,NN
medium,medium,1,6,0,NN
store,store,1,6,0,VB
code,code,1,6,0,NN
and/or,and/or,1,6,0,CC
data,data,1,6,0,NNS
computer,computer,1,6,0,NN
system,system,1,6,0,NN
includes,include,1,6,1,VBZ
limited,limit,1,6,1,JJ
magnetic,magnetic,1,6,1,JJ
optical,optical,1,6,1,JJ
storage,storage,1,6,1,NN
devices,device,1,6,1,NNS
disk,disk,1,6,1,NN
drives,drive,1,6,1,NNS
magnetic,magnetic,1,6,1,JJ
tape,tape,1,6,1,NN
cds,cd,1,6,1,NNS
compact,compact,1,6,1,JJ
discs,disc,1,6,1,NNS
dvds,dvd,1,6,1,NNS
digital,digital,1,6,1,JJ
video,video,1,6,1,NN
discs,disc,1,6,1,NNS
computer,computer,1,6,1,NN
instruction,instruction,1,6,1,NN
signals,signal,1,6,1,NNS
embodied,embody,1,6,1,VBN
transmission,transmission,1,6,1,NN
medium,medium,1,6,1,NN
carrier,carrier,1,6,1,NN
wave,wave,1,6,1,NN
signals,signal,1,6,1,NNS
modulated,modulate,1,6,1,VBN
example,example,1,6,2,NN
transmission,transmission,1,6,2,NN
medium,medium,1,6,2,NN
include,include,1,6,2,VB
communications,communications,1,6,2,NNS
network,network,1,6,2,NN
internet,internet,1,6,2,NNP
b.,b.,1,7,0,NNP
exemplary,exemplary,1,7,0,NNP
global,global,1,7,0,NNP
computer,computer,1,7,0,NNP
network,network,1,7,0,NNP
global,global,1,8,0,JJ
computer,computer,1,8,0,NN
network,network,1,8,0,NN
internet,internet,1,8,0,NNP
exemplary,exemplary,1,8,0,JJ
communications,communications,1,8,0,NNS
network,network,1,8,0,NN
internet,internet,1,8,1,NNP
basically,basically,1,8,1,RB
comprised,comprise,1,8,1,VBN
global,global,1,8,1,JJ
computer,computer,1,8,1,NN
network,network,1,8,1,NN
plurality,plurality,1,8,2,NN
computer,computer,1,8,2,NN
systems,system,1,8,2,NNS
communication,communication,1,8,2,NN
global,global,1,8,2,JJ
computer,computer,1,8,2,NN
network,network,1,8,2,NN
transmit,transmit,1,8,2,VB
types,type,1,8,2,NNS
data,data,1,8,2,NNS
communications,communications,1,8,3,NNS
computer,computer,1,8,3,NN
systems,system,1,8,3,NNS
accomplished,accomplish,1,8,3,VBN
methods,method,1,8,3,NNS
limited,limit,1,8,3,VBN
wireless,wireless,1,8,3,NN
ethernet,ethernet,1,8,3,NNP
cable,cable,1,8,3,NN
direct,direct,1,8,3,JJ
connection,connection,1,8,3,NN
telephone,telephone,1,8,3,NN
satellite,satellite,1,8,3,NN
web,web,1,8,4,NN
servers,server,1,8,4,NNS
typically,typically,1,8,4,RB
provide,provide,1,8,4,VBP
data,data,1,8,4,NNS
computer,computer,1,8,4,NN
systems,system,1,8,4,NNS
connected,connect,1,8,4,VBN
internet,internet,1,8,4,NNP
utilized,utilize,1,9,0,VBN
global,global,1,9,0,JJ
computer,computer,1,9,0,NN
networks,network,1,9,0,NNS
local,local,1,9,0,JJ
area,area,1,9,0,NN
networks,network,1,9,0,NNS
lan,lan,1,9,0,NNP
wide,wide,1,9,0,JJ
area,area,1,9,0,NN
networks,network,1,9,0,NNS
wan,wan,1,9,0,NNP
campus,campus,1,9,0,NN
area,area,1,9,0,NN
networks,network,1,9,0,NNS
metropolitan-area,metropolitan-area,1,9,0,JJ
networks,network,1,9,0,NNS
man,man,1,9,0,NNP
area,area,1,9,0,NN
networks,network,1,9,0,NNS
han,han,1,9,0,NNP
protocols,protocol,1,9,1,NNS
utilized,utilize,1,9,1,VBN
electronic,electronic,1,9,1,JJ
devices,device,1,9,1,NNS
communications,communications,1,9,1,NNS
limited,limit,1,9,1,VBN
http,http,1,9,1,NNP
smtp,smtp,1,9,1,NNP
ftp,ftp,1,9,1,NNP
wap,wap,1,9,1,NNP
wireless,wireless,1,9,1,NNP
application,application,1,9,1,NNP
protocol,protocol,1,9,1,NNP
implemented,implement,1,9,2,VBN
wireless,wireless,1,9,2,JJ
networks,network,1,9,2,NNS
limited,limit,1,9,2,VBN
cdpd,cdp,1,9,2,NNP
cdma,cdma,1,9,2,NNP
gsm,gsm,1,9,2,NNP
pdc,pdc,1,9,2,NNP
phs,ph,1,9,2,NNP
tdma,tdma,1,9,2,NNP
flex,flex,1,9,2,NNP
reflex,reflex,1,9,2,NNP
iden,iden,1,9,2,NNP
tetra,tetra,1,9,2,NNP
dect,dect,1,9,2,NNP
datatac,datatac,1,9,2,NNP
mobitex,mobitex,1,9,2,NNP
utilized,utilize,1,9,3,VBN
online,online,1,9,3,JJ
services,service,1,9,3,NNS
internet,internet,1,9,3,NN
service,service,1,9,3,NN
providers,provider,1,9,3,NNS
america,america,1,9,3,NNP
online,online,1,9,3,NNP
aol,aol,1,9,3,NNP
compuserve,compuserve,1,9,3,NNP
webtv,webtv,1,9,3,NNP
msn,msn,1,9,3,NNP
internet,internet,1,9,3,NNP
services,service,1,9,3,NNS
preferably,preferably,1,9,4,RB
utilizes,utilize,1,9,4,VBZ
internet,internet,1,9,4,NNP
transmitting,transmit,1,9,4,VBG
data,data,1,9,4,NNS
appreciated,appreciate,1,9,4,VBN
future,future,1,9,4,JJ
technologies,technology,1,9,4,NNS
created,create,1,9,4,VBN
aspects,aspect,1,9,4,NNS
practiced,practice,1,9,4,VBN
improved,improve,1,9,4,VBN
technologies,technology,1,9,4,NNS
preferably,preferably,1,10,0,RB
embodied,embody,1,10,0,VBN
software,software,1,10,0,NN
application,application,1,10,0,NN
installed,install,1,10,0,VBN
download,download,1,10,0,JJ
computer,computer,1,10,0,NN
embodied,embody,1,10,1,VBN
manners,manner,1,10,1,NNS
limited,limit,1,10,1,VBN
central,central,1,10,1,JJ
server,server,1,10,1,NN
computer,computer,1,10,1,NN
web,web,1,10,1,NN
server,server,1,10,1,NN
provide,provide,1,10,1,VBP
analyzed,analyze,1,10,1,VBN
patent,patent,1,10,1,NN
data,data,1,10,1,NNS
implemented,implement,1,10,2,VBN
government,government,1,10,2,NN
patent,patent,1,10,2,NN
office,office,1,10,2,NN
patent,patent,1,10,2,NN
document,document,1,10,2,NN
scanned,scan,1,10,2,VBN
system,system,1,10,2,NN
patent,patent,1,10,2,NN
applicant,applicant,1,10,2,NN
filing,file,1,10,2,VBG
electronic,electronic,1,10,2,JJ
patent,patent,1,10,2,NN
applications,application,1,10,2,NNS
ensure,ensure,1,10,2,VB
figures,figure,1,10,2,NNS
original,original,1,10,2,JJ
orientation,orientation,1,10,2,NN
text,text,1,10,2,NN
readable,readable,1,10,2,JJ
horizontal,horizontal,1,10,2,JJ
state,state,1,10,2,NN
c.,c.,1,11,0,NNP
patent,patent,1,11,0,NNP
documents,document,1,11,0,NNS
patent,patent,1,12,0,NN
documents,document,1,12,0,NNS
comprised,comprise,1,12,0,VBN
documents,document,1,12,0,NNS
including,include,1,12,0,VBG
limited,limit,1,12,0,VBN
non-filed,non-file,1,12,0,JJ
patent,patent,1,12,0,NN
applications,application,1,12,0,NNS
filed,file,1,12,0,VBD
patent,patent,1,12,0,NN
applications,application,1,12,0,NNS
published,publish,1,12,0,VBN
patent,patent,1,12,0,NN
applications,application,1,12,0,NNS
granted,grant,1,12,0,VBN
patents,patent,1,12,0,NNS
patent,patent,1,12,0,NN
certificates,certificate,1,12,0,NNS
patent,patent,1,12,0,NN
file,file,1,12,0,NN
wrappers,wrapper,1,12,0,NNS
downloading,download,1,12,1,VBG
patent,patent,1,12,1,NN
files,file,1,12,1,NNS
image,image,1,12,1,NN
and/or,and/or,1,12,1,CC
text,text,1,12,1,NN
patent,patent,1,12,1,NN
websites,website,1,12,1,NNS
www.uspto.gov,www.uspto.gov,1,12,1,FW
ep.espacenet.com,ep.espacenet.com,1,12,1,FW
global,global,1,12,1,JJ
computer,computer,1,12,1,NN
network,network,1,12,1,NN
well,well,1,12,1,RB
art,art,1,12,1,NN
patent,patent,1,12,2,NN
files,file,1,12,2,NNS
comprised,comprise,1,12,2,VBN
issued,issue,1,12,2,JJ
patents,patent,1,12,2,NNS
published,publish,1,12,2,VBN
applications,application,1,12,2,NNS
patent,patent,1,12,2,NN
data,data,1,12,2,NNS
software,software,1,12,3,NN
programs,program,1,12,3,NNS
paten-thunter,paten-thunter,1,12,3,NN
sold,sell,1,12,3,VBN
patentwizard,patentwizard,1,12,3,NNP
llc,llc,1,12,3,NNP
websites,website,1,12,3,NNS
currently,currently,1,12,3,RB
allow,allow,1,12,3,VBP
downloading,download,1,12,3,NN
patent,patent,1,12,3,NN
files,file,1,12,3,NNS
patent,patent,1,12,3,NN
websites,website,1,12,3,NNS
patent,patent,1,13,0,NN
documents,document,1,13,0,NNS
computer,computer,1,13,0,NN
readable,readable,1,13,0,JJ
file,file,1,13,0,NN
format,format,1,13,0,NN
directly,directly,1,13,0,RB
computer,computer,1,13,0,NN
downloading,download,1,13,0,VBG
global,global,1,13,0,JJ
computer,computer,1,13,0,NN
network,network,1,13,0,NN
example,example,1,13,1,NN
user,user,1,13,1,NN
analyze,analyze,1,13,1,VB
text,text,1,13,1,NN
microsoft,microsoft,1,13,1,NNP
word,word,1,13,1,NNP
document,document,1,13,1,NN
patent,patent,1,13,1,NN
application,application,1,13,1,NN
html,html,1,13,1,NNP
file,file,1,13,1,NN
downloaded,download,1,13,1,VBD
global,global,1,13,1,JJ
computer,computer,1,13,1,NN
network,network,1,13,1,NN
file,file,1,13,2,NN
formats,format,1,13,2,NNS
analyzed,analyze,1,13,2,VBN
c.,c.,1,14,0,NNP
figure,figure,1,14,0,NNP
correction,correction,1,14,0,NNP
patent,patent,1,14,0,NNP
documents,document,1,14,0,NNS
i.,i.,1,15,0,NN
patent,patent,1,15,0,NN
documents,document,1,15,0,NNS
patent,patent,1,16,0,NN
document,document,1,16,0,NN
typically,typically,1,16,0,RB
stored,store,1,16,0,VBN
web,web,1,16,0,NN
server,server,1,16,0,NN
user,user,1,16,0,NN
computer,computer,1,16,0,NN
image,image,1,16,0,NN
file,file,1,16,0,NN
format,format,1,16,0,NN
limited,limit,1,16,0,VBN
pdf,pdf,1,16,0,NNP
portable,portable,1,16,0,NNP
document,document,1,16,0,NNP
format,format,1,16,0,NNP
tiff,tiff,1,16,0,NNP
tagged,tag,1,16,0,VBN
image,image,1,16,0,NN
file,file,1,16,0,NNP
format,format,1,16,0,NNP
patent,patent,1,16,1,NN
document,document,1,16,1,NN
viewed,view,1,16,1,VBN
electronically,electronically,1,16,1,RB
conventional,conventional,1,16,1,JJ
image,image,1,16,1,NN
viewer,viewer,1,16,1,NN
adobe,adobe,1,16,1,NNP
acrobat,acrobat,1,16,1,NNP
patent,patent,1,16,2,NN
documents,document,1,16,2,NNS
include,include,1,16,2,VBP
figures,figure,1,16,2,NNS
drawn,draw,1,16,2,VBN
landscape,landscape,1,16,2,NN
position,position,1,16,2,NN
images,image,1,16,2,NNS
displayed,display,1,16,2,VBN
manner,manner,1,16,2,NN
rotated,rotate,1,16,2,VBN
counter-clockwise,counter-clockwise,1,16,2,JJ
90,90,1,16,2,CD
degrees,degree,1,16,2,NNS
difficult,difficult,1,16,2,JJ
review,review,1,16,2,VB
figure,figure,1,16,2,NN
electronically,electronically,1,16,2,RB
addition,addition,1,16,3,NN
patent,patent,1,16,3,NN
document,document,1,16,3,NN
printed,print,1,16,3,VBN
figures,figure,1,16,3,NNS
printed,print,1,16,3,VBN
landscape,landscape,1,16,3,NN
position,position,1,16,3,NN
difficult,difficult,1,16,3,JJ
review,review,1,16,3,VB
patent,patent,1,16,3,NN
figures,figure,1,16,3,NNS
patent,patent,1,16,3,NN
example,example,1,17,0,NN
u.s.,u.s.,1,17,0,NNP
pat,pat,1,17,0,NNP
"6,545,666","6,545,666",1,17,0,CD
landscape,landscape,1,17,0,NN
orientation,orientation,1,17,0,NN
regular,regular,1,17,0,JJ
portrait,portrait,1,17,0,NN
orientation,orientation,1,17,0,NN
3-5,3-5,1,17,1,CD
7-11,7-11,1,17,1,CD
u.s.,u.s.,1,17,1,NNP
pat,pat,1,17,1,NNP
"6,545,666","6,545,666",1,17,1,CD
portrait,portrait,1,17,1,NN
orientation,orientation,1,17,1,NN
easy,easy,1,17,1,JJ
view,view,1,17,1,VB
electronic,electronic,1,17,1,JJ
format,format,1,17,1,NN
image,image,1,17,1,NN
viewer,viewer,1,17,1,NN
printed,print,1,17,1,VBN
copy,copy,1,17,1,NN
text,text,1,17,2,NN
element,element,1,17,2,NN
numbers,number,1,17,2,NNS
figures,figure,1,17,2,NNS
figure,figure,1,17,2,NN
indicia,indicia,1,17,2,NN
patents,patent,1,17,2,NNS
orientated,orientate,1,17,2,VBN
horizontal,horizontal,1,17,2,JJ
manner,manner,1,17,2,NN
traditionally,traditionally,1,17,2,RB
text,text,1,17,2,NN
images,image,1,17,2,NNS
viewed,view,1,17,2,VBN
comprise,comprise,1,18,0,VBP
u.s.,u.s.,1,18,0,NNP
pat,pat,1,18,0,NNP
"6,545,666","6,545,666",1,18,0,CD
originally,originally,1,18,0,RB
landscape,landscape,1,18,0,NN
orientation,orientation,1,18,0,NN
scanned,scan,1,18,0,VBN
u.s.,u.s.,1,18,0,NNP
patent,patent,1,18,0,NNP
trademark,trademark,1,18,0,NNP
office,office,1,18,0,NNP
portrait,portrait,1,18,0,NN
orientation,orientation,1,18,0,NN
increasingly,increasingly,1,18,0,RB
difficult,difficult,1,18,0,JJ
view,view,1,18,0,VB
figures,figure,1,18,0,NNS
electronically,electronically,1,18,0,RB
print,print,1,18,0,NN
electronic,electronic,1,18,1,JJ
file,file,1,18,1,NN
image,image,1,18,1,NN
set,set,1,18,1,VBN
portrait,portrait,1,18,1,NN
position,position,1,18,1,NN
u.s.,u.s.,1,18,1,NNP
pat,pat,1,18,1,NNP
"6,545,666","6,545,666",1,19,0,CD
despite,despite,1,19,0,IN
original,original,1,19,0,JJ
landscape,landscape,1,19,0,NN
position,position,1,19,0,NN
ii,ii,1,20,0,FW
identifying,identify,1,20,1,VBG
figure,figure,1,20,1,NNP
acquires,acquire,1,21,0,VBZ
patent,patent,1,21,0,NN
image,image,1,21,0,NN
file,file,1,21,0,NN
pdf,pdf,1,21,0,NNP
tiff,tiff,1,21,0,NNP
file,file,1,21,0,NN
format,format,1,21,0,NN
original,original,1,21,1,JJ
patent,patent,1,21,1,NN
image,image,1,21,1,NN
file,file,1,21,1,NN
converted,convert,1,21,1,VBN
file,file,1,21,1,NN
format,format,1,21,1,NN
facilitate,facilitate,1,21,1,VB
efficient,efficient,1,21,1,JJ
ocr,ocr,1,21,1,NNP
process,process,1,21,1,NN
patent,patent,1,21,1,NN
image,image,1,21,1,NN
file,file,1,21,1,NN
patent,patent,1,21,1,NN
image,image,1,21,1,NN
file,file,1,21,1,NN
converted,convert,1,21,1,VBN
original,original,1,21,1,JJ
file,file,1,21,1,NN
format,format,1,21,1,NN
file,file,1,21,1,NN
format,format,1,21,1,NN
patent,patent,1,22,0,NN
image,image,1,22,0,NN
file,file,1,22,0,NN
acquired,acquire,1,22,0,VBN
patent,patent,1,22,0,NN
document,document,1,22,0,NN
figure,figure,1,22,0,NN
identified,identify,1,22,0,VBN
conventional,conventional,1,22,0,JJ
ocr,ocr,1,22,0,NNP
optical,optical,1,22,0,JJ
character,character,1,22,0,NN
recognition,recognition,1,22,0,NN
process,process,1,22,0,NN
file,file,1,22,1,NN
formats,format,1,22,1,NNS
tiff,tiff,1,22,1,NNP
pdf,pdf,1,22,1,NNP
ocr,ocr,1,22,1,NNP
process,process,1,22,1,NN
preferable,preferable,1,22,1,JJ
tiff,tiff,1,22,1,NNP
file,file,1,22,1,NN
format,format,1,22,1,NN
utilized,utilize,1,22,1,VBN
requires,require,1,22,1,VBZ
conversion,conversion,1,22,1,NN
file,file,1,22,1,NN
formats,format,1,22,1,NNS
tiff,tiff,1,22,1,NNP
patent,patent,1,22,2,NN
document,document,1,22,2,NN
typically,typically,1,22,2,RB
skipped,skip,1,22,2,VBN
cover,cover,1,22,2,NN
united,unite,1,22,2,NNP
states,state,1,22,2,NNP
patents,patent,1,22,2,NNS
portrait,portrait,1,22,2,NN
position,position,1,22,2,NN
text,text,1,22,2,NN
exemplary,exemplary,1,22,2,JJ
figure,figure,1,22,2,NN
easy,easy,1,22,2,JJ
read,read,1,22,2,VB
horizontal,horizontal,1,22,2,JJ
aligned,align,1,22,2,VBN
format,format,1,22,2,NN
ocr,ocr,1,23,0,NNP
process,process,1,23,0,NN
header,header,1,23,0,NN
figures,figure,1,23,0,NNS
typically,typically,1,23,0,RB
figure,figure,1,23,0,NN
identifier,identifier,1,23,0,NN
sheet,sheet,1,23,0,NN
indicator,indicator,1,23,0,NN
identifying,identify,1,23,0,VBG
text,text,1,23,1,NN
portions,portion,1,23,1,NNS
patent,patent,1,23,1,NN
document,document,1,23,1,NN
typically,typically,1,23,1,RB
header,header,1,23,1,JJR
identification,identification,1,23,1,NN
top,top,1,23,1,NN
identify,identify,1,23,1,VB
drawing,draw,1,23,1,NN
sheets,sheet,1,23,1,NNS
patent,patent,1,23,1,NN
document,document,1,23,1,NN
methods,method,1,23,2,NNS
identify,identify,1,23,2,VB
drawing,draw,1,23,2,NN
sheets,sheet,1,23,2,NNS
identifying,identify,1,23,2,VBG
set,set,1,23,2,NN
text,text,1,23,2,NN
identifying,identify,1,23,2,VBG
set,set,1,23,2,NN
lot,lot,1,23,2,NN
white,white,1,23,2,JJ
space,space,1,23,2,NN
identifying,identify,1,23,2,VBG
set,set,1,23,2,NN
fig,fig,1,23,2,NNP
identifying,identify,1,23,3,VBG
text,text,1,23,3,NN
background,background,1,23,3,NN
text,text,1,23,3,NN
textual,textual,1,23,3,JJ
patent,patent,1,23,3,NN
document,document,1,23,3,NN
cover,cover,1,23,3,NN
identified,identify,1,23,3,VBN
drawing,draw,1,23,3,NN
sheets,sheet,1,23,3,NNS
identifying,identify,1,23,3,VBG
substantial,substantial,1,23,3,JJ
quantity,quantity,1,23,3,NN
text,text,1,23,3,NN
indicating,indicate,1,23,3,VBG
start,start,1,23,3,NN
text,text,1,23,3,NN
identifying,identify,1,23,3,VBG
column,column,1,23,3,NN
numbers,number,1,23,3,NNS
and/or,and/or,1,23,3,CC
numbers,number,1,23,3,NNS
indicating,indicate,1,23,3,VBG
start,start,1,23,3,NN
text,text,1,23,3,NN
combination,combination,1,23,3,NN
example,example,1,24,0,NN
u.s.,u.s.,1,24,0,NNP
pat,pat,1,24,0,NNP
"6,545,666","6,545,666",1,24,0,CD
666,666,1,24,0,CD
patent,patent,1,24,0,NN
include,include,1,24,0,VBP
sheet,sheet,1,24,0,NNP
header,header,1,24,0,NN
ocr,ocr,1,24,0,NNP
process,process,1,24,0,NN
identified,identify,1,24,0,VBN
figure,figure,1,24,0,NNP
666,666,1,24,1,CD
patent,patent,1,24,1,NN
sheet,sheet,1,24,1,NNP
666,666,1,24,1,CD
patent,patent,1,24,1,NN
sheet,sheet,1,24,1,NNP
identifies,identify,1,24,2,VBZ
figure,figure,1,24,2,NNP
type,type,1,24,2,NN
header,header,1,24,2,NN
addition,addition,1,24,3,NN
header,header,1,24,3,NN
figure,figure,1,24,3,NNP
666,666,1,24,3,CD
patent,patent,1,24,3,NN
include,include,1,24,3,VBP
u.s.,u.s.,1,24,3,NNP
patent,patent,1,24,3,NNP
text,text,1,24,3,NN
left,leave,1,24,3,JJ
side,side,1,24,3,NN
apr.,apr.,1,24,3,NNP
2003,2003,1,24,3,CD
u.s.,u.s.,1,24,3,NNP
pat,pat,1,24,3,NNP
"6,545,666","6,545,666",1,24,3,CD
utilized,utilize,1,24,3,VBN
identify,identify,1,24,3,VB
figure,figure,1,24,3,NN
sheets,sheet,1,24,3,NNS
headers,header,1,24,3,NNS
text,text,1,24,3,NN
patent,patent,1,24,3,NN
document,document,1,24,3,NN
united,unite,1,25,0,NNP
states,state,1,25,0,NNPS
patents,patent,1,25,0,NNS
sheet,sheet,1,25,0,NN
format,format,1,25,0,NN
utilized,utilize,1,25,0,VBN
drawing,draw,1,25,0,NN
sheets,sheet,1,25,0,NNS
example,example,1,25,1,NN
earlier,early,1,25,1,JJR
patents,patent,1,25,1,NNS
u.s.,u.s.,1,25,1,NNP
pat,pat,1,25,1,NNP
"3,500,000","3,500,000",1,25,1,CD
cover,cover,1,25,1,NN
figure,figure,1,25,1,NNP
header,header,1,25,1,JJR
format,format,1,25,1,NN
sheets-sheet,sheets-sheet,1,25,1,NNP
utilized,utilize,1,25,1,VBN
united,unite,1,25,2,NNP
states,state,1,25,2,NNPS
patents,patent,1,25,2,NNS
granted,grant,1,25,2,VBN
1972,1972,1,25,2,CD
cover,cover,1,25,2,NN
typically,typically,1,25,2,RB
cover,cover,1,25,2,NN
figure,figure,1,25,2,NNP
header,header,1,25,2,JJR
format,format,1,25,2,NN
sheet,sheet,1,25,2,NN
figure,figure,1,25,2,NNP
identified,identify,1,25,2,VBN
header,header,1,25,2,NN
program,program,1,25,2,NN
preferably,preferably,1,25,2,RB
analyzes,analyze,1,25,2,VBZ
rotating,rotate,1,25,2,VBG
position,position,1,25,2,NN
figure,figure,1,25,2,NNP
figure,figure,1,26,0,NNP
consecutive,consecutive,1,26,0,JJ
determine,determine,1,26,0,VB
figure,figure,1,26,0,NNP
identifying,identify,1,26,0,VBG
figure,figure,1,26,0,NNP
figure,figure,1,26,0,NNP
example,example,1,26,1,NN
patent,patent,1,26,1,NN
document,document,1,26,1,NN
identified,identify,1,26,1,VBN
figure,figure,1,26,1,NNP
identified,identify,1,26,1,VBN
figure,figure,1,26,1,NNP
identified,identify,1,26,1,VBN
figure,figure,1,26,1,NNP
simply,simply,1,26,1,RB
accepts,accept,1,26,1,VBZ
figure,figure,1,26,1,NNP
misidentification,misidentification,1,26,1,NN
ocr,ocr,1,26,1,NNP
issue,issue,1,26,1,NN
patent,patent,1,26,1,NN
printing,print,1,26,1,NN
issue,issue,1,26,1,NN
governmental,governmental,1,26,1,JJ
office,office,1,26,1,NN
iii,iii,1,27,0,NN
determining,determine,1,27,1,VBG
figure,figure,1,27,1,NN
originally,originally,1,27,1,RB
landscape,landscape,1,27,1,NNP
correcting,correct,1,27,1,VBG
landscape,landscape,1,27,1,NNP
figure,figure,1,27,1,NNP
drawing,draw,1,28,0,NN
sheets,sheet,1,28,0,NNS
identified,identify,1,28,0,VBN
ocr,ocr,1,28,0,NNP
identify,identify,1,28,0,VB
orientation,orientation,1,28,0,NN
figure,figure,1,28,0,NN
labels,label,1,28,0,NNS
and/or,and/or,1,28,0,CC
element,element,1,28,0,NN
numbers,number,1,28,0,NNS
process,process,1,28,0,NN
simultaneously,simultaneously,1,28,0,RB
identification,identification,1,28,0,NN
figure,figure,1,28,0,NNP
ocr,ocr,1,28,1,NNP
process,process,1,28,1,NN
figure,figure,1,28,1,NNP
normal,normal,1,28,1,JJ
portrait,portrait,1,28,1,NN
orientation,orientation,1,28,1,NN
originally,originally,1,28,1,RB
scanned,scan,1,28,1,VBN
government,government,1,28,1,NN
office,office,1,28,1,NN
ocr,ocr,1,28,2,NNP
process,process,1,28,2,NN
identify,identify,1,28,2,VB
number,number,1,28,2,NN
element,element,1,28,2,NN
numbers,number,1,28,2,NNS
greater,great,1,28,2,JJR
number,number,1,28,2,NN
letters,letter,1,28,2,NNS
greater,great,1,28,2,JJR
and/or,and/or,1,28,2,CC
figure,figure,1,28,2,NN
labels,label,1,28,2,NNS
fig,fig,1,28,2,NNP
determines,determine,1,28,3,VBZ
figure,figure,1,28,3,NNP
proper,proper,1,28,3,JJ
orientation,orientation,1,28,3,NN
drawings,drawing,1,28,3,NNS
threshold,threshold,1,28,4,NN
level,level,1,28,4,NN
identified,identify,1,28,4,VBN
ocr,ocr,1,28,4,NNP
process,process,1,28,4,NN
automatically,automatically,1,28,4,RB
proceed,proceed,1,28,4,VB
step,step,1,28,4,NN
initial,initial,1,28,4,JJ
ocr,ocr,1,28,4,NNP
process,process,1,28,4,NN
rotates,rotate,1,28,4,VBZ
figure,figure,1,28,4,NNP
clockwise,clockwise,1,28,4,VBD
90,90,1,28,4,CD
degrees,degree,1,28,4,NNS
performs,perform,1,28,4,VBZ
secondary,secondary,1,28,4,JJ
ocr,ocr,1,28,4,NNP
process,process,1,28,4,NN
process,process,1,28,4,NN
number,number,1,29,0,NN
element,element,1,29,0,NN
numbers,number,1,29,0,NNS
letters,letter,1,29,0,NNS
and/or,and/or,1,29,0,CC
figure,figure,1,29,0,NN
labels,label,1,29,0,NNS
fig,fig,1,29,0,NNP
secondary,secondary,1,29,1,JJ
ocr,ocr,1,29,1,NNP
process,process,1,29,1,NN
figure,figure,1,29,1,NNP
rotated,rotate,1,29,1,VBN
greater,great,1,29,1,JJR
initial,initial,1,29,1,JJ
ocr,ocr,1,29,1,NNP
process,process,1,29,1,NN
determines,determine,1,29,1,VBZ
figure,figure,1,29,1,NNP
wrong,wrong,1,29,1,JJ
orientation,orientation,1,29,1,NN
sets,set,1,29,1,VBZ
orientation,orientation,1,29,1,NN
setting,set,1,29,1,VBG
figure,figure,1,29,1,NNP
landscape,landscape,1,29,1,NN
modifying,modify,1,29,1,VBG
orientation,orientation,1,29,1,NN
figure,figure,1,29,1,NNP
clockwise,clockwise,1,29,1,NN
90,90,1,29,1,CD
degrees,degree,1,29,1,NNS
drawings,drawing,1,29,1,NNS
666,666,1,29,1,CD
patent,patent,1,29,1,NN
example,example,1,29,1,NN
process,process,1,29,2,NN
continues,continue,1,29,2,VBZ
figure,figure,1,29,2,NNP
figure,figure,1,29,2,NNP
properly,properly,1,29,2,RB
orientated,orientate,1,29,2,VBN
easily,easily,1,29,2,RB
viewed,view,1,29,2,VBN
user,user,1,29,2,NN
drawings,drawing,1,29,2,NNS
patent,patent,1,29,3,NN
document,document,1,29,3,NN
viewed,view,1,29,3,VBN
conventional,conventional,1,29,3,JJ
viewer,viewer,1,29,3,NN
adobe,adobe,1,29,3,FW
acrobat,acrobat,1,29,3,FW
user,user,1,29,3,NN
manually,manually,1,29,3,RB
rotate,rotate,1,29,3,VB
orientation,orientation,1,29,3,NN
patent,patent,1,29,3,NN
image,image,1,29,3,NN
addition,addition,1,30,0,NN
alternatively,alternatively,1,30,0,RB
preprocessing,preprocess,1,30,0,NN
module,module,1,30,0,NN
utilized,utilize,1,30,0,VBN
automatically,automatically,1,30,0,RB
determine,determine,1,30,0,VB
orientation,orientation,1,30,0,NN
patent,patent,1,30,0,NN
image,image,1,30,0,NN
i.e.,i.e.,1,30,0,FW
portrait,portrait,1,30,0,NN
landscape,landscape,1,30,0,NN
position,position,1,30,0,NN
patent,patent,1,30,0,NN
document,document,1,30,0,NN
figure,figure,1,30,0,NNP
well,well,1,30,1,RB
utilize,utilize,1,30,1,VB
preprocessing,preprocess,1,30,1,VBG
modules,module,1,30,1,NNS
ocr,ocr,1,30,1,NNP
scanning,scan,1,30,1,VBG
determine,determine,1,30,1,VB
orientation,orientation,1,30,1,NN
prior,prior,1,30,1,RB
performing,perform,1,30,1,VBG
ocr,ocr,1,30,1,NNP
document,document,1,30,1,NN
patent,patent,1,30,2,NN
document,document,1,30,2,NN
determined,determine,1,30,2,VBN
landscape,landscape,1,30,2,NN
orientation,orientation,1,30,2,NN
rotated,rotate,1,30,2,VBN
clockwise,clockwise,1,30,2,JJ
90,90,1,30,2,CD
degrees,degree,1,30,2,NNS
easily,easily,1,30,2,RB
reviewed,review,1,30,2,VBN
individual,individual,1,30,2,NN
electronically,electronically,1,30,2,RB
preprocessing,preprocess,1,30,3,VBG
module,module,1,30,3,NN
simplify,simplify,1,30,3,VB
process,process,1,30,3,NN
determining,determine,1,30,3,VBG
figure,figure,1,30,3,NNP
orientated,orientate,1,30,3,VBN
undesirable,undesirable,1,30,3,JJ
orientation,orientation,1,30,3,NN
rely,rely,1,30,3,VB
identifying,identify,1,30,3,VBG
text,text,1,30,3,NN
figures,figure,1,30,3,NNS
iv,iv,1,31,0,NN
reorganizing,reorganize,1,31,1,VBG
landscape,landscape,1,31,1,NNP
figure,figure,1,31,1,NNP
orientation,orientation,1,32,0,NN
setting,set,1,32,0,NN
modified,modify,1,32,0,VBN
landscape,landscape,1,32,0,NN
landscape,landscape,1,32,0,NNP
figure,figure,1,32,0,NNP
666,666,1,32,0,CD
patent,patent,1,32,0,NN
will,will,1,32,0,MD
print,print,1,32,0,VB
originally,originally,1,32,0,RB
scanned,scan,1,32,0,VBN
government,government,1,32,0,NN
office,office,1,32,0,NN
printed,print,1,32,0,VBN
version,version,1,32,0,NN
patent,patent,1,32,0,NN
document,document,1,32,0,NN
difficult,difficult,1,32,0,JJ
review,review,1,32,0,VB
666,666,1,32,0,CD
patent,patent,1,32,0,NN
printed,print,1,32,0,VBN
image,image,1,32,0,NN
rotated,rotate,1,32,0,VBD
counter-clockwise,counter-clockwise,1,32,0,JJ
90,90,1,32,0,CD
degrees,degree,1,32,0,NNS
preferable,preferable,1,32,1,JJ
printed,print,1,32,1,VBN
patent,patent,1,32,1,NN
document,document,1,32,1,NN
easily,easily,1,32,1,RB
viewed,view,1,32,1,VBN
orientation,orientation,1,32,1,NN
allows,allow,1,32,1,VBZ
reviewer,reviewer,1,32,1,NN
easily,easily,1,32,1,RB
read,read,1,32,1,VB
element,element,1,32,1,NN
numbers,number,1,32,1,NNS
figure,figure,1,32,1,NN
labels,label,1,32,1,NNS
images,image,1,32,1,NNS
preferably,preferably,1,33,0,RB
modifies,modify,1,33,0,VBZ
actual,actual,1,33,0,JJ
image,image,1,33,0,NN
landscape,landscape,1,33,0,NNP
figure,figure,1,33,0,NNP
remain,remain,1,33,0,VBP
portrait,portrait,1,33,0,NN
orientation,orientation,1,33,0,NN
actual,actual,1,33,0,JJ
image,image,1,33,0,NN
rotated,rotate,1,33,0,VBN
clockwise,clockwise,1,33,0,JJ
90,90,1,33,0,CD
degrees,degree,1,33,0,NNS
printed,print,1,33,0,VBN
patent,patent,1,33,0,NN
document,document,1,33,0,NN
easily,easily,1,33,0,RB
viewed,view,1,33,0,VBN
electronic,electronic,1,33,0,JJ
version,version,1,33,0,NN
identifying,identify,1,34,0,VBG
figure,figure,1,34,0,NNP
originally,originally,1,34,0,RB
formatted,format,1,34,0,VBN
landscape,landscape,1,34,0,NN
position,position,1,34,0,NN
666,666,1,34,0,CD
patent,patent,1,34,0,NN
identifies,identify,1,34,0,VBZ
image,image,1,34,0,NN
portion,portion,1,34,0,NN
assuming,assume,1,34,0,VBG
margins,margin,1,34,0,NNS
analyzing,analyze,1,34,0,VBG
locations,location,1,34,0,NNS
image,image,1,34,0,NN
pixels,pixel,1,34,0,NNS
located,locate,1,34,0,VBN
i.e.,i.e.,1,34,0,FW
white,white,1,34,0,JJ
space,space,1,34,0,NN
identified,identify,1,34,0,VBN
indicating,indicate,1,34,0,VBG
image,image,1,34,0,NN
copies/cuts,copies/cut,1,34,1,VBZ
selected,select,1,34,1,JJ
image,image,1,34,1,NN
area,area,1,34,1,NN
pastes,paste,1,34,1,VBZ
image,image,1,34,1,NN
figure,figure,1,34,1,NNP
rotated,rotate,1,34,1,VBD
90,90,1,34,1,CD
degrees,degree,1,34,1,NNS
clockwise,clockwise,1,34,1,JJ
drawings,drawing,1,34,1,NNS
preferable,preferable,1,34,2,JJ
header,header,1,34,2,NN
remain,remain,1,34,2,VBP
figure,figure,1,34,2,NNP
drawings,drawing,1,34,2,NNS
figure,figure,1,34,3,NNP
patent,patent,1,34,3,NN
document,document,1,34,3,NN
image,image,1,34,3,NN
file,file,1,34,3,NN
original,original,1,34,3,JJ
corresponding,correspond,1,34,3,JJ
figure,figure,1,34,3,NN
removed,remove,1,34,3,VBD
i.e.,i.e.,1,34,3,FW
modified,modify,1,34,3,VBN
figure,figure,1,34,3,NN
replaces,replace,1,34,3,VBZ
figure,figure,1,34,3,NN
preferable,preferable,1,34,4,JJ
notification,notification,1,34,4,NN
modified,modify,1,34,4,VBN
figure,figure,1,34,4,NNP
indicate,indicate,1,34,4,VB
original,original,1,34,4,JJ
patent,patent,1,34,4,NN
document,document,1,34,4,NN
***,***,1,34,4,NNP
figure,figure,1,34,4,NNP
modified,modify,1,34,4,NNP
***,***,1,34,4,NNP
header,header,1,34,4,NN
locations,location,1,34,4,NNS
described,describe,1,35,0,VBN
illustrated,illustrate,1,35,0,VBN
preferred,prefer,1,35,0,JJ
embodiment,embodiment,1,35,0,NN
variations,variation,1,35,0,NNS
terms,term,1,35,1,NNS
descriptions,description,1,35,1,NNS
figures,figure,1,35,1,NNS
set,set,1,35,1,VBN
illustration,illustration,1,35,1,NN
limitations,limitation,1,35,1,NNS
skilled,skilled,1,35,2,JJ
art,art,1,35,2,NN
will,will,1,35,2,MD
recognize,recognize,1,35,2,VB
variations,variation,1,35,2,NNS
spirit,spirit,1,35,2,NN
scope,scope,1,35,2,NN
intended,intend,1,35,2,VBN
defined,define,1,35,2,VBN
claims,claim,1,35,2,NNS
equivalents,equivalent,1,35,2,NNS
terms,term,1,35,2,NNS
broadest,broad,1,35,2,JJS
reasonable,reasonable,1,35,2,JJ
sense,sense,1,35,2,NN
indicated,indicate,1,35,2,VBN
headings,heading,1,35,3,NNS
utilized,utilize,1,35,3,VBN
description,description,1,35,3,NN
convenience,convenience,1,35,3,NN
legal,legal,1,35,3,JJ
limiting,limit,1,35,3,VBG
claimed,claim,1,36,0,VBD
method,method,1,37,0,NN
correcting,correct,1,37,0,VBG
orientation,orientation,1,37,0,NN
patent,patent,1,37,0,NN
figures,figure,1,37,0,NNS
patent,patent,1,37,0,NN
image,image,1,37,0,NN
file,file,1,37,0,NN
comprising,comprise,1,37,0,VBG
steps,step,1,37,0,NNS
acquiring,acquire,1,38,0,VBG
patent,patent,1,38,0,NN
image,image,1,38,0,NN
file,file,1,38,0,NN
patent,patent,1,38,0,NN
image,image,1,38,0,NN
file,file,1,38,0,NN
represents,represent,1,38,0,VBZ
granted,grant,1,38,0,VBN
patent,patent,1,38,0,NN
published,publish,1,38,0,VBN
patent,patent,1,38,0,NN
application,application,1,38,0,NN
electronic,electronic,1,38,0,JJ
file,file,1,38,0,NN
format,format,1,38,0,NN
identifying,identify,1,39,0,VBG
figure,figure,1,39,0,NN
patent,patent,1,39,0,NN
image,image,1,39,0,NN
file,file,1,39,0,NN
determining,determine,1,39,0,VBG
figure,figure,1,39,0,NN
originally,originally,1,39,0,RB
landscape,landscape,1,39,0,NN
orientation,orientation,1,40,0,NN
step,step,1,40,0,NN
determining,determine,1,40,0,VBG
figure,figure,1,40,0,NN
originally,originally,1,40,0,RB
landscape,landscape,1,40,0,NN
orientation,orientation,1,40,0,NN
comprises,comprise,1,40,0,VBZ
determining,determine,1,40,0,VBG
number,number,1,40,0,NN
characters,character,1,40,0,NNS
figure,figure,1,40,0,NN
original,original,1,40,0,JJ
position,position,1,40,0,NN
rotating,rotate,1,40,0,VBG
figure,figure,1,40,0,NN
90,90,1,40,0,CD
degrees,degree,1,40,0,NNS
rotated,rotate,1,40,0,VBN
position,position,1,40,0,NN
determining,determine,1,40,0,VBG
number,number,1,40,0,NN
characters,character,1,40,0,NNS
figure,figure,1,40,0,NN
rotated,rotate,1,40,0,VBN
position,position,1,40,0,NN
determining,determine,1,40,0,VBG
original,original,1,40,0,JJ
position,position,1,40,0,NN
identified,identify,1,40,0,VBN
characters,character,1,40,0,NNS
rotated,rotate,1,40,0,VBN
position,position,1,40,0,NN
rotating,rotate,1,41,0,VBG
figure,figure,1,41,0,NN
figure,figure,1,41,0,NN
originally,originally,1,41,0,RB
landscape,landscape,1,41,0,NN
orientation,orientation,1,41,0,NN
method,method,1,42,0,NN
correcting,correct,1,42,0,VBG
orientation,orientation,1,42,0,NN
patent,patent,1,42,0,NN
figures,figure,1,42,0,NNS
patent,patent,1,42,0,NN
image,image,1,42,0,NN
file,file,1,42,0,NN
claim,claim,1,42,0,NN
including,include,1,42,0,VBG
step,step,1,42,0,NN
performing,perform,1,42,0,VBG
ocr,ocr,1,42,0,NNP
process,process,1,42,0,NN
patent,patent,1,42,0,NN
image,image,1,42,0,NN
file,file,1,42,0,NN
prior,prior,1,42,0,RB
identifying,identify,1,42,0,VBG
figure,figure,1,42,0,NN
method,method,1,43,0,NN
correcting,correct,1,43,0,VBG
orientation,orientation,1,43,0,NN
patent,patent,1,43,0,NN
figures,figure,1,43,0,NNS
patent,patent,1,43,0,NN
image,image,1,43,0,NN
file,file,1,43,0,NN
claim,claim,1,43,0,NN
step,step,1,43,0,NN
identifying,identify,1,43,0,VBG
figure,figure,1,43,0,NN
comprised,comprise,1,43,0,VBN
identifying,identify,1,43,0,VBG
figure,figure,1,43,0,NN
header,header,1,43,0,NN
text,text,1,43,0,NN
patent,patent,1,43,0,NN
image,image,1,43,0,NN
file,file,1,43,0,NN
method,method,1,44,0,NN
correcting,correct,1,44,0,VBG
orientation,orientation,1,44,0,NN
patent,patent,1,44,0,NN
figures,figure,1,44,0,NNS
patent,patent,1,44,0,NN
image,image,1,44,0,NN
file,file,1,44,0,NN
claim,claim,1,44,0,NN
figure,figure,1,44,0,NN
originally,originally,1,44,0,RB
landscape,landscape,1,44,0,NN
orientation,orientation,1,44,0,NN
rotated,rotate,1,44,0,VBN
positionhas,positionhave,1,44,0,NNS
identified,identify,1,44,0,VBN
characters,character,1,44,0,NNS
original,original,1,44,0,JJ
position,position,1,44,0,NN
method,method,1,45,0,NN
correcting,correct,1,45,0,VBG
orientation,orientation,1,45,0,NN
patent,patent,1,45,0,NN
figures,figure,1,45,0,NNS
patent,patent,1,45,0,NN
image,image,1,45,0,NN
file,file,1,45,0,NN
claim,claim,1,45,0,NN
including,include,1,45,0,VBG
continuing,continue,1,45,0,VBG
above-stated,above-state,1,45,0,JJ
steps,step,1,45,0,NNS
remaining,remain,1,45,0,VBG
figures,figure,1,45,0,NNS
patent,patent,1,45,0,NN
image,image,1,45,0,NN
file,file,1,45,0,NN
method,method,1,46,0,NN
correcting,correct,1,46,0,VBG
orientation,orientation,1,46,0,NN
patent,patent,1,46,0,NN
figures,figure,1,46,0,NNS
patent,patent,1,46,0,NN
image,image,1,46,0,NN
file,file,1,46,0,NN
claim,claim,1,46,0,NN
including,include,1,46,0,VBG
step,step,1,46,0,NN
combining,combine,1,46,0,VBG
single,single,1,46,0,JJ
image,image,1,46,0,NN
file,file,1,46,0,NN
method,method,1,47,0,NN
changing,changing,1,47,0,VBG
orientation,orientation,1,47,0,NN
patent,patent,1,47,0,NN
figures,figure,1,47,0,NNS
patent,patent,1,47,0,NN
image,image,1,47,0,NN
file,file,1,47,0,NN
comprising,comprise,1,47,0,VBG
steps,step,1,47,0,NNS
acquiring,acquire,1,48,0,VBG
patent,patent,1,48,0,NN
image,image,1,48,0,NN
file,file,1,48,0,NN
patent,patent,1,48,0,NN
image,image,1,48,0,NN
file,file,1,48,0,NN
represents,represent,1,48,0,VBZ
granted,grant,1,48,0,VBN
patent,patent,1,48,0,NN
published,publish,1,48,0,VBN
patent,patent,1,48,0,NN
application,application,1,48,0,NN
electronic,electronic,1,48,0,JJ
file,file,1,48,0,NN
format,format,1,48,0,NN
identifying,identify,1,49,0,VBG
figure,figure,1,49,0,NN
patent,patent,1,49,0,NN
image,image,1,49,0,NN
file,file,1,49,0,NN
determining,determine,1,49,0,VBG
figure,figure,1,49,0,NN
originally,originally,1,49,0,RB
landscape,landscape,1,49,0,NN
orientation,orientation,1,50,0,NN
step,step,1,51,0,NN
determining,determine,1,51,0,VBG
figure,figure,1,51,0,NN
originally,originally,1,51,0,RB
landscape,landscape,1,51,0,NN
orientation,orientation,1,51,0,NN
comprises,comprise,1,51,0,VBZ
determining,determine,1,51,0,VBG
number,number,1,51,0,NN
characters,character,1,51,0,NNS
figure,figure,1,51,0,NN
original,original,1,51,0,JJ
position,position,1,51,0,NN
rotating,rotate,1,51,0,VBG
figure,figure,1,51,0,NN
90,90,1,51,0,CD
degrees,degree,1,51,0,NNS
rotated,rotate,1,51,0,VBN
position,position,1,51,0,NN
determining,determine,1,51,0,VBG
number,number,1,51,0,NN
characters,character,1,51,0,NNS
figure,figure,1,51,0,NN
rotated,rotate,1,51,0,VBN
position,position,1,51,0,NN
determining,determine,1,51,0,VBG
original,original,1,51,0,JJ
position,position,1,51,0,NN
identified,identify,1,51,0,VBN
characters,character,1,51,0,NNS
rotated,rotate,1,51,0,VBN
position,position,1,51,0,NN
figure,figure,1,52,0,NN
originally,originally,1,52,0,RB
landscape,landscape,1,52,0,NN
orientation,orientation,1,52,0,NN
rotated,rotate,1,52,0,VBN
position,position,1,52,0,NN
identified,identify,1,52,0,VBN
characters,character,1,52,0,NNS
original,original,1,52,0,JJ
position,position,1,52,0,NN
rotating,rotate,1,53,0,VBG
figure,figure,1,53,0,NN
figure,figure,1,53,0,NN
originally,originally,1,53,0,RB
landscape,landscape,1,53,0,NN
orientation,orientation,1,53,0,NN
performing,perform,1,54,0,VBG
ocr,ocr,1,54,0,NNP
process,process,1,54,0,NN
patent,patent,1,54,0,NN
image,image,1,54,0,NN
file,file,1,54,0,NN
prior,prior,1,54,0,RB
identifying,identify,1,54,0,VBG
figure,figure,1,54,0,NN
method,method,1,55,0,NN
changing,changing,1,55,0,VBG
orientation,orientation,1,55,0,NN
patent,patent,1,55,0,NN
figures,figure,1,55,0,NNS
patent,patent,1,55,0,NN
image,image,1,55,0,NN
file,file,1,55,0,NN
claim,claim,1,55,0,NN
step,step,1,55,0,NN
identifying,identify,1,55,0,VBG
figure,figure,1,55,0,NN
comprised,comprise,1,55,0,VBN
identifying,identify,1,55,0,VBG
figure,figure,1,55,0,NN
header,header,1,55,0,NN
text,text,1,55,0,NN
patent,patent,1,55,0,NN
image,image,1,55,0,NN
file,file,1,55,0,NN
method,method,1,56,0,NN
changing,changing,1,56,0,VBG
orientation,orientation,1,56,0,NN
patent,patent,1,56,0,NN
figures,figure,1,56,0,NNS
patent,patent,1,56,0,NN
image,image,1,56,0,NN
file,file,1,56,0,NN
claim,claim,1,56,0,NN
including,include,1,56,0,VBG
continuing,continue,1,56,0,VBG
above-stated,above-state,1,56,0,JJ
steps,step,1,56,0,NNS
remaining,remain,1,56,0,VBG
figures,figure,1,56,0,NNS
patent,patent,1,56,0,NN
image,image,1,56,0,NN
file,file,1,56,0,NN
10,10,1,57,0,CD
method,method,1,57,0,NN
changing,changing,1,57,0,VBG
orientation,orientation,1,57,0,NN
patent,patent,1,57,0,NN
figures,figure,1,57,0,NNS
patent,patent,1,57,0,NN
image,image,1,57,0,NN
file,file,1,57,0,NN
claim,claim,1,57,0,NN
including,include,1,57,0,VBG
step,step,1,57,0,NN
combining,combine,1,57,0,VBG
single,single,1,57,0,JJ
image,image,1,57,0,NN
file,file,1,57,0,NN
